{
    "avg_faithfulness": 0.40777833277833275,
    "avg_answer_relevancy": 0.6670690051063773,
    "avg_context_precision": 0.93333333324,
    "avg_context_recall": 0.8808080808080807
}