{
    "avg_faithfulness": 0.44987581862581866,
    "avg_answer_relevancy": 0.6620873417555538,
    "avg_context_precision": 0.86666666658,
    "avg_context_recall": 0.9111111111111111
}