{
    "avg_faithfulness": 0.6421885521885521,
    "avg_answer_relevancy": 0.6609047706998531,
    "avg_context_precision": 0.540999091715244,
    "avg_context_recall": 0.9666666666666667
}