{
    "avg_faithfulness": 0.7475493025493025,
    "avg_answer_relevancy": 0.676343756347132,
    "avg_context_precision": 0.5240097231923899,
    "avg_context_recall": 0.8848484848484849
}