{
    "avg_faithfulness": 0.5335497835497836,
    "avg_answer_relevancy": 0.6168669787279467,
    "avg_context_precision": 0.93333333324,
    "avg_context_recall": 0.8666666666666667
}