{
    "avg_faithfulness": 0.8072547822547823,
    "avg_answer_relevancy": 0.6906667580079258,
    "avg_context_precision": 0.35677268885352564,
    "avg_context_recall": 0.8242424242424242
}