{
    "avg_faithfulness": 0.6250813722618233,
    "avg_answer_relevancy": 0.6567159068535758,
    "avg_context_precision": 0.3600927650763957,
    "avg_context_recall": 0.6131313131313132
}