{
    "avg_faithfulness": 0.6838867481724625,
    "avg_answer_relevancy": 0.6762162686880938,
    "avg_context_precision": 0.6103748849146513,
    "avg_context_recall": 0.888888888888889
}