{
    "avg_faithfulness": 0.40145900465449336,
    "avg_answer_relevancy": 0.6679785155367574,
    "avg_context_precision": 0.93333333324,
    "avg_context_recall": 0.8666666666666667
}