{
    "avg_faithfulness": 0.5356236356236356,
    "avg_answer_relevancy": 0.6771767934581058,
    "avg_context_precision": 0.93333333324,
    "avg_context_recall": 0.9111111111111111
}