{
    "avg_faithfulness": 0.49290043290043284,
    "avg_answer_relevancy": 0.6651717355075318,
    "avg_context_precision": 0.41818827159474126,
    "avg_context_recall": 0.7020202020202021
}