{
    "avg_faithfulness": 0.560858585858586,
    "avg_answer_relevancy": 0.6616684762601385,
    "avg_context_precision": 0.93333333324,
    "avg_context_recall": 0.8571428571428571
}