{
    "avg_faithfulness": 0.7426656676656676,
    "avg_answer_relevancy": 0.6548664247554817,
    "avg_context_precision": 0.4095169018077456,
    "avg_context_recall": 0.8066666666666666
}