{
    "avg_faithfulness": 0.5456349206349207,
    "avg_answer_relevancy": 0.6323456324683623,
    "avg_context_precision": 0.93333333324,
    "avg_context_recall": 0.9111111111111111
}