{
    "avg_faithfulness": 0.7093236714975845,
    "avg_answer_relevancy": 0.6031681364138997,
    "avg_context_precision": 0.6434349017144382,
    "avg_context_recall": 0.8121212121212121
}