{
    "avg_faithfulness": 0.39070300070300074,
    "avg_answer_relevancy": 0.6470633433675917,
    "avg_context_precision": 0.93333333324,
    "avg_context_recall": 0.8571428571428571
}